townshipFullName,countyFullName,township,county
Abbott Township,Potter County,Abbott,Potter
Abington Township,Montgomery County,Abington,Montgomery
Adams Township,Butler County,Adams,Butler
Adams Township,Cambria County,Adams,Cambria 
Adams Township,Snyder County,Adams,Snyder
Addison Township,Somerset County,Addison,Somerset
Albany Township,Berks County,Albany,Berks
Albany Township,Bradford County,Albany,Bradford
Aleppo Township,Allegheny County,Aleppo,Allegheny
Aleppo Township,Greene County,Aleppo,Greene
Allegany Township,Potter County,Allegany,Potter
Allegheny Township,Blair County,Allegheny,Blair
Allegheny Township,Butler County,Allegheny,Butler
Allegheny Township,Cambria County,Allegheny,Cambria
Allegheny Township,Somerset County,Allegheny,Somerset
Allegheny Township,Venango County,Allegheny,Venango
Allegheny Township,Westmoreland County,Allegheny,Westmoreland
Allen Township,Northampton County,Allen,Northampton
Allison Township,Clinton County,Allison,Clinton
Alsace Township,Berks County,Alsace,Berks
Amity Township,Berks County,Amity,Berks
Amity Township,Erie County,Amity,Erie
Amwell Township,Washington County,Amwell,Washington
Annin Township,McKean County,Annin,McKean
Annville Township,Lebanon County,Annville,Lebanon
Anthony Township,Lycoming County,Anthony,Lycoming
Anthony Township,Montour County,Anthony,Montour
Antis Township,Blair County,Antis,Blair
Antrim Township,Franklin County,Antrim,Franklin
Apolacon Township,Susquehanna County,Apolacon,Susquehanna
Ararat Township,Susquehanna County,Ararat,Susquehanna
Armagh Township,Mifflin County,Armagh,Mifflin
Armenia Township,Bradford County,Armenia,Bradford
Armstrong Township,Indiana County,Armstrong,Indiana
Armstrong Township,Lycoming County,Armstrong,Lycoming
Ashland Township,Clarion County,Ashland,Clarion  
Aston Township,Delaware County,Aston,Delaware  
Asylum Township,Bradford County,Asylum,Bradford
Athens Township,Bradford County,Athens,Bradford  
Athens Township,Crawford County,Athens,Crawford  
Auburn Township,Susquehanna County,Auburn,Susquehanna  
Ayr Township,Fulton County,Ayr,Fulton
Bald Eagle Township,Clinton County,Bald Eagle,Clinton  
Baldwin Township,Allegheny County,Baldwin,Allegheny  
Banks Township,Carbon County,Banks,Carbon  
Banks Township,Indiana County,Banks,Indiana  
Barnett Township,Forest County,Barnett,Forest  
Barnett Township,Jefferson County,Barnett,Jefferson  
Barr Township,Cambria County,Barr,Cambria  
Barree Township,Huntingdon County,Barree,Huntingdon  
Barrett Township,Monroe County,Barrett,Monroe  
Barry Township,Schuylkill County,Barry,Schuylkill  
Bart Township,Lancaster County,Bart,Lancaster  
Bastress Township,Lycoming County,Bastress,Lycoming  
Beale Township,Juniata County,Beale,Juniata  
Bear Creek Township,Luzerne County,Bear Creek,Luzerne  
Beaver Township,Clarion County,Beaver,Clarion  
Beaver Township,Columbia County,Beaver,Columbia  
Beaver Township,Crawford County,Beaver,Crawford  
Beaver Township,Jefferson County,Beaver,Jefferson  
Beaver Township,Snyder County,Beaver,Snyder  
Beccaria Township,Clearfield County,Beccaria,Clearfield  
Bedford Township,Bedford County,Bedford,Bedford  
Bedminster Township,Bucks County,Bedminster,Bucks  
Beech Creek Township,Clinton County,Beech Creek,Clinton  
Belfast Township,Fulton County,Belfast,Fulton
Bell Township,Clearfield County,Bell,Clearfield  
Bell Township,Jefferson County,Bell,Jefferson  
Bell Township,Westmoreland County,Bell,Westmoreland  
Benezette Township,Elk County,Benezette,Elk  
Benner Township,Centre County,Benner,Centre  
Bensalem Township,Bucks County,Bensalem,Bucks  
Benton Township,Columbia County,Benton,Columbia  
Benton Township,Lackawanna County,Benton,Lackawanna  
Berlin Township,Wayne County,Berlin,Wayne  
Bern Township,Berks County,Bern,Berks  
Berwick Township,Adams County,Berwick,Adams  
Bethel Township,Armstrong County,Bethel,Armstrong  
Bethel Township,Berks County,Bethel,Berks  
Bethel Township,Delaware County,Bethel,Delaware  
Bethel Township,Fulton County,Bethel,Fulton  
Bethel Township,Lebanon County,Bethel,Lebanon  
Bethlehem Township,Northampton County,Bethlehem,Northampton  
Bigler Township,Clearfield County,Bigler,Clearfield  
Bingham Township,Potter County,Bingham,Potter  
Birmingham Township,Chester County,Birmingham,Chester  
Black Creek Township,Luzerne County,Black Creek,Luzerne  
Black Lick Township,Indiana County,Black Lick,Indiana  
Black Township,Somerset County,Black,Somerset  
Blacklick Township,Cambria County,Blacklick,Cambria  
Blaine Township,Washington County,Blaine,Washington  
Blair Township,Blair County,Blair,Blair  
Bloom Township,Clearfield County,Bloom,Clearfield  
Bloomfield Township,Bedford County,Bloomfield,Bedford  
Bloomfield Township,Crawford County,Bloomfield,Crawford  
Blooming Grove Township,Pike County,Blooming Grove,Pike  
Bloss Township,Tioga County,Bloss,Tioga  
Blythe Township,Schuylkill County,Blythe,Schuylkill  
Boggs Township,Armstrong County,Boggs,Armstrong  
Boggs Township,Centre County,Boggs,Centre  
Boggs Township,Clearfield County,Boggs,Clearfield  
Bradford Township,Clearfield County,Bradford,Clearfield  
Bradford Township,McKean County,Bradford,McKean  
Brady Township,Butler County,Brady,Butler  
Brady Township,Clarion County,Brady,Clarion  
Brady Township,Clearfield County,Brady,Clearfield  
Brady Township,Huntingdon County,Brady,Huntingdon  
Brady Township,Lycoming County,Brady,Lycoming  
Bradys Bend Township,Armstrong County,Bradys Bend,Armstrong  
Braintrim Township,Wyoming County,Braintrim,Wyoming  
Branch Township,Schuylkill County,Branch,Schuylkill  
Bratton Township,Mifflin County,Bratton,Mifflin  
Brecknock Township,Berks County,Brecknock,Berks  
Brecknock Township,Lancaster County,Brecknock,Lancaster  
Briar Creek Township,Columbia County,Briar Creek,Columbia  
Bridgeton Township,Bucks County,Bridgeton,Bucks  
Bridgewater Township,Susquehanna County,Bridgewater,Susquehanna  
Brighton Township,Beaver County,Brighton,Beaver  
Bristol Township,Bucks County,Bristol,Bucks  
Broad Top Township,Bedford County,Broad Top,Bedford  
Brokenstraw Township,Warren County,Brokenstraw,Warren  
Brookfield Township,Tioga County,Brookfield,Tioga  
Brooklyn Township,Susquehanna County,Brooklyn,Susquehanna  
Brothersvalley Township,Somerset County,Brothersvalley,Somerset  
Brown Township,Lycoming County,Brown,Lycoming  
Brown Township,Mifflin County,Brown,Mifflin  
Brownsville Township,Fayette County,Brownsville,Fayette  
Brush Creek Township,Fulton County,Brush Creek,Fulton
Brush Valley Township,Indiana County,Brush Valley,Indiana  
Buck Township,Luzerne County,Buck,Luzerne  
Buckingham Township,Bucks County,Buckingham,Bucks  
Buckingham Township,Wayne County,Buckingham,Wayne  
Buffalo Township,Butler County,Buffalo,Butler  
Buffalo Township,Perry County,Buffalo,Perry  
Buffalo Township,Union County,Buffalo,Union  
Buffalo Township,Washington County,Buffalo,Washington  
Buffington Township,Indiana County,Buffington,Indiana  
Bullskin Township,Fayette County,Bullskin,Fayette  
Burlington Township,Bradford County,Burlington,Bradford
Burnside Township,Centre County,Burnside,Centre  
Burnside Township,Clearfield County,Burnside,Clearfield  
Burrell Township,Armstrong County,Burrell,Armstrong  
Burrell Township,Indiana County,Burrell,Indiana  
Bushkill Township,Northampton County,Bushkill,Northampton  
Butler Township,Adams County,Butler,Adams  
Butler Township,Butler County,Butler,Butler  
Butler Township,Luzerne County,Butler,Luzerne  
Butler Township,Schuylkill County,Butler,Schuylkill  
Cadogan Township,Armstrong County,Cadogan,Armstrong  
Caernarvon Township,Berks County,Caernarvon,Berks  
Caernarvon Township,Lancaster County,Caernarvon,Lancaster  
Caln Township,Chester County,Caln,Chester  
Cambria Township,Cambria County,Cambria,Cambria  
Cambridge Township,Crawford County,Cambridge,Crawford  
Canaan Township,Wayne County,Canaan,Wayne  
Canal Township,Venango County,Canal,Venango  
Canoe Township,Indiana County,Canoe,Indiana  
Canton Township,Bradford County,Canton,Bradford  
Canton Township,Washington County,Canton,Washington  
Carbon Township,Huntingdon County,Carbon,Huntingdon  
Carbondale Township,Lackawanna County,Carbondale,Lackawanna  
Carroll Township,Perry County,Carroll,Perry  
Carroll Township,Washington County,Carroll,Washington  
Carroll Township,York County,Carroll,York  
Cascade Township,Lycoming County,Cascade,Lycoming  
Cass Township,Huntingdon County,Cass,Huntingdon  
Cass Township,Schuylkill County,Cass,Schuylkill  
Castanea Township,Clinton County,Castanea,Clinton  
Catawissa Township,Columbia County,Catawissa,Columbia  
Catharine Township,Blair County,Catharine,Blair  
Cecil Township,Washington County,Cecil,Washington  
Center Township,Beaver County,Center,Beaver  
Center Township,Butler County,Center,Butler  
Center Township,Greene County,Center,Greene  
Center Township,Indiana County,Center,Indiana  
Center Township,Snyder County,Center,Snyder  
Centre Township,Berks County,Centre,Berks  
Centre Township,Perry County,Centre,Perry  
Ceres Township,McKean County,Ceres,McKean  
Chadds Ford Township,Delaware County,Chadds Ford,Delaware  
Chanceford Township,York County,Chanceford,York  
Chapman Township,Clinton County,Chapman,Clinton  
Chapman Township,Snyder County,Chapman,Snyder  
Charleston Township,Tioga County,Charleston,Tioga  
Charlestown Township,Chester County,Charlestown,Chester  
Chartiers Township,Washington County,Chartiers,Washington  
Chatham Township,Tioga County,Chatham,Tioga  
Cheltenham Township,Montgomery County,Cheltenham,Montgomery  
Cherry Grove Township,Warren County,Cherry Grove,Warren  
Cherry Ridge Township,Wayne County,Cherry Ridge,Wayne  
Cherry Township,Butler County,Cherry,Butler  
Cherry Township,Sullivan County,Cherry,Sullivan  
Cherryhill Township,Indiana County,Cherryhill,Indiana  
Cherrytree Township,Venango County,Cherrytree,Venango  
Chest Township,Cambria County,Chest,Cambria  
Chest Township,Clearfield County,Chest,Clearfield  
Chester Township,Delaware County,Chester,Delaware  
Chestnuthill Township,Monroe County,Chestnuthill,Monroe  
Chippewa Township,Beaver County,Chippewa,Beaver  
Choconut Township,Susquehanna County,Choconut,Susquehanna  
Clara Township,Potter County,Clara,Potter  
Clarion Township,Clarion County,Clarion,Clarion  
Clay Township,Butler County,Clay,Butler  
Clay Township,Huntingdon County,Clay,Huntingdon  
Clay Township,Lancaster County,Clay,Lancaster  
Clearfield Township,Butler County,Clearfield,Butler  
Clearfield Township,Cambria County,Clearfield,Cambria  
Cleveland Township,Columbia County,Cleveland,Columbia  
Clifford Township,Susquehanna County,Clifford,Susquehanna  
Clifton Township,Lackawanna County,Clifton,Lackawanna  
Clinton Township,Butler County,Clinton,Butler  
Clinton Township,Lycoming County,Clinton,Lycoming  
Clinton Township,Venango County,Clinton,Venango  
Clinton Township,Wayne County,Clinton,Wayne  
Clinton Township,Wyoming County,Clinton,Wyoming  
Clover Township,Jefferson County,Clover,Jefferson  
Clymer Township,Tioga County,Clymer,Tioga  
Coal Township,Northumberland County,Coal,Northumberland  
Codorus Township,York County,Codorus,York  
Cogan House Township,Lycoming County,Cogan House,Lycoming  
Cold Spring Township,Lebanon County,Cold Spring,Lebanon  
Colebrook Township,Clinton County,Colebrook,Clinton  
Colebrookdale Township,Berks County,Colebrookdale,Berks  
Colerain Township,Bedford County,Colerain,Bedford  
Colerain Township,Lancaster County,Colerain,Lancaster  
College Township,Centre County,College,Centre  
Colley Township,Sullivan County,Colley,Sullivan  
Collier Township,Allegheny County,Collier,Allegheny
Columbia Township,Bradford County,Columbia,Bradford
Columbus Township,Warren County,Columbus,Warren  
Concord Township,Butler County,Concord,Butler  
Concord Township,Delaware County,Concord,Delaware  
Concord Township,Erie County,Concord,Erie  
Conemaugh Township,Cambria County,Conemaugh,Cambria  
Conemaugh Township,Indiana County,Conemaugh,Indiana  
Conemaugh Township,Somerset County,Conemaugh,Somerset  
Conestoga Township,Lancaster County,Conestoga,Lancaster  
Conewago Township,Adams County,Conewago,Adams  
Conewago Township,Dauphin County,Conewago,Dauphin  
Conewago Township,York County,Conewago,York  
Conewango Township,Warren County,Conewango,Warren  
Conneaut Township,Crawford County,Conneaut,Crawford  
Conneaut Township,Erie County,Conneaut,Erie  
Connellsville Township,Fayette County,Connellsville,Fayette  
Connoquenessing Township,Butler County,Connoquenessing,Butler  
Conoy Township,Lancaster County,Conoy,Lancaster  
Conyngham Township,Columbia County,Conyngham,Columbia  
Conyngham Township,Luzerne County,Conyngham,Luzerne  
Cook Township,Westmoreland County,Cook,Westmoreland  
Cooke Township,Cumberland County,Cooke,Cumberland  
Coolbaugh Township,Monroe County,Coolbaugh,Monroe  
Coolspring Township,Mercer County,Coolspring,Mercer  
Cooper Township,Clearfield County,Cooper,Clearfield  
Cooper Township,Montour County,Cooper,Montour  
Cornplanter Township,Venango County,Cornplanter,Venango  
Corydon Township,McKean County,Corydon,McKean  
Covington Township,Clearfield County,Covington,Clearfield  
Covington Township,Lackawanna County,Covington,Lackawanna  
Covington Township,Tioga County,Covington,Tioga  
Cowanshannock Township,Armstrong County,Cowanshannock,Armstrong  
Cranberry Township,Butler County,Cranberry,Butler  
Cranberry Township,Venango County,Cranberry,Venango  
Crawford Township,Clinton County,Crawford,Clinton  
Crescent Township,Allegheny County,Crescent,Allegheny  
Cresson Township,Cambria County,Cresson,Cambria  
Cromwell Township,Huntingdon County,Cromwell,Huntingdon  
Cross Creek Township,Washington County,Cross Creek,Washington  
Croyle Township,Cambria County,Croyle,Cambria  
Cumberland Township,Adams County,Cumberland,Adams  
Cumberland Township,Greene County,Cumberland,Greene  
Cumberland Valley Township,Bedford County,Cumberland Valley,Bedford  
Cummings Township,Lycoming County,Cummings,Lycoming  
Cumru Township,Berks County,Cumru,Berks  
Curtin Township,Centre County,Curtin,Centre  
Cussewago Township,Crawford County,Cussewago,Crawford  
|  [[Dallas Township,Luzerne County,Dallas,Luzerne  
Damascus Township,Wayne County,Damascus,Wayne  
Darby Township,Delaware County,Darby,Delaware  
Darlington Township,Beaver County,Darlington,Beaver  
Daugherty Township,Beaver County,Daugherty,Beaver  
Davidson Township,Sullivan County,Davidson,Sullivan  
Dean Township,Cambria County,Dean,Cambria  
Decatur Township,Clearfield County,Decatur,Clearfield  
Decatur Township,Mifflin County,Decatur,Mifflin  
Deer Creek Township,Mercer County,Deer Creek,Mercer  
Deerfield Township,Tioga County,Deerfield,Tioga  
Deerfield Township,Warren County,Deerfield,Warren  
Delano Township,Schuylkill County,Delano,Schuylkill  
Delaware Township,Juniata County,Delaware,Juniata  
Delaware Township,Mercer County,Delaware,Mercer  
Delaware Township,Northumberland County,Delaware,Northumberland  
Delaware Township,Pike County,Delaware,Pike  
Delmar Township,Tioga County,Delmar,Tioga  
Dennison Township,Luzerne County,Dennison,Luzerne  
Derry Township,Dauphin County,Derry,Dauphin  
Derry Township,Mifflin County,Derry,Mifflin  
Derry Township,Montour County,Derry,Montour  
Derry Township,Westmoreland County,Derry,Westmoreland  
Dickinson Township,Cumberland County,Dickinson,Cumberland  
Dimock Township,Susquehanna County,Dimock,Susquehanna  
Dingman Township,Pike County,Dingman,Pike  
District Township,Berks County,District,Berks  
Donegal Township,Butler County,Donegal,Butler  
Donegal Township,Washington County,Donegal,Washington  
Donegal Township,Westmoreland County,Donegal,Westmoreland  
Dorrance Township,Luzerne County,Dorrance,Luzerne  
Douglass Township,Berks County,Douglass,Berks  
Douglass Township,Montgomery County,Douglass,Montgomery  
Dover Township,York County,Dover,York  
Doylestown Township,Bucks County,Doylestown,Bucks  
Dreher Township,Wayne County,Dreher,Wayne  
Drumore Township,Lancaster County,Drumore,Lancaster  
Dublin Township,Fulton County,Dublin,Fulton  
Dublin Township,Huntingdon County,Dublin,Huntingdon  
Dunbar Township,Fayette County,Dunbar,Fayette  
Duncan Township,Tioga County,Duncan,Tioga  
Dunkard Township,Greene County,Dunkard,Greene  
Dunnstable Township,Clinton County,Dunnstable,Clinton  
Durham Township,Bucks County,Durham,Bucks  
Dyberry Township,Wayne County,Dyberry,Wayne  
|  [[Earl Township,Berks County,Earl,Berks  
Earl Township,Lancaster County,Earl,Lancaster  
East Allen Township,Northampton County,East Allen,Northampton  
East Bethlehem Township,Washington County,East Bethlehem,Washington  
East Bradford Township,Chester County,East Bradford,Chester  
East Brandywine Township,Chester County,East Brandywine,Chester  
East Brunswick Township,Schuylkill County,East Brunswick,Schuylkill  
East Buffalo Township,Union County,East Buffalo,Union  
East Caln Township,Chester County,East Caln,Chester  
East Cameron Township,Northumberland County,East Cameron,Northumberland  
East Carroll Township,Cambria County,East Carroll,Cambria  
East Chillisquaque Township,Northumberland County,East Chillisquaque,Northumberland  
East Cocalico Township,Lancaster County,East Cocalico,Lancaster  
East Coventry Township,Chester County,East Coventry,Chester  
East Deer Township,Allegheny County,East Deer,Allegheny  
East Donegal Township,Lancaster County,East Donegal,Lancaster  
East Drumore Township,Lancaster County,East Drumore,Lancaster  
East Earl Township,Lancaster County,East Earl,Lancaster  
East Fairfield Township,Crawford County,East Fairfield,Crawford  
East Fallowfield Township,Chester County,East Fallowfield,Chester  
East Fallowfield Township,Crawford County,East Fallowfield,Crawford  
East Finley Township,Washington County,East Finley,Washington  
East Franklin Township,Armstrong County,East Franklin,Armstrong  
East Goshen Township,Chester County,East Goshen,Chester  
East Hanover Township,Dauphin County,East Hanover,Dauphin  
East Hanover Township,Lebanon County,East Hanover,Lebanon  
East Hempfield Township,Lancaster County,East Hempfield,Lancaster  
East Hopewell Township,York County,East Hopewell,York  
East Huntingdon Township,Westmoreland County,East Huntingdon,Westmoreland  
East Keating Township,Clinton County,East Keating,Clinton  
East Lackawannock Township,Mercer County,East Lackawannock,Mercer  
East Lampeter Township,Lancaster County,East Lampeter,Lancaster  
East Mahoning Township,Indiana County,East Mahoning,Indiana  
East Manchester Township,York County,East Manchester,York  
East Marlborough Township,Chester County,East Marlborough,Chester  
East Mead Township,Crawford County,East Mead,Crawford  
East Nantmeal Township,Chester County,East Nantmeal,Chester  
East Norriton Township,Montgomery County,East Norriton,Montgomery  
East Norwegian Township,Schuylkill County,East Norwegian,Schuylkill  
East Nottingham Township,Chester County,East Nottingham,Chester  
East Penn Township,Carbon County,East Penn,Carbon  
East Pennsboro Township,Cumberland County,East Pennsboro,Cumberland  
East Pikeland Township,Chester County,East Pikeland,Chester  
East Providence Township,Bedford County,East Providence,Bedford  
East Rockhill Township,Bucks County,East Rockhill,Bucks  
East St. Clair Township,Bedford County,East St. Clair,Bedford  
East Taylor Township,Cambria County,East Taylor,Cambria  
East Union Township,Schuylkill County,East Union,Schuylkill  
East Vincent Township,Chester County,East Vincent,Chester  
East Wheatfield Township,Indiana County,East Wheatfield,Indiana  
East Whiteland Township,Chester County,East Whiteland,Chester  
Easttown Township,Chester County,Easttown,Chester  
Eaton Township,Wyoming County,Eaton,Wyoming  
Eden Township,Lancaster County,Eden,Lancaster  
Edgmont Township,Delaware County,Edgmont,Delaware  
Elder Township,Cambria County,Elder,Cambria  
Eldred Township,Jefferson County,Eldred,Jefferson  
Eldred Township,Lycoming County,Eldred,Lycoming  
Eldred Township,McKean County,Eldred,McKean  
Eldred Township,Monroe County,Eldred,Monroe  
Eldred Township,Schuylkill County,Eldred,Schuylkill  
Eldred Township,Warren County,Eldred,Warren  
Elizabeth Township,Allegheny County,Elizabeth,Allegheny  
Elizabeth Township,Lancaster County,Elizabeth,Lancaster  
Elk Creek Township,Erie County,Elk Creek,Erie  
Elk Lick Township,Somerset County,Elk Lick,Somerset  
Elk Township,Chester County,Elk,Chester  
Elk Township,Clarion County,Elk,Clarion  
Elk Township,Tioga County,Elk,Tioga  
Elk Township,Warren County,Elk,Warren  
Elkland Township,Sullivan County,Elkland,Sullivan  
Elmhurst Township,Lackawanna County,Elmhurst,Lackawanna  
Ephrata Township,Lancaster County,Ephrata,Lancaster  
Eulalia Township,Potter County,Eulalia,Potter  
Exeter Township,Berks County,Exeter,Berks  
Exeter Township,Luzerne County,Exeter,Luzerne  
Exeter Township,Wyoming County,Exeter,Wyoming  
Fairfield Township,Crawford County,Fairfield,Crawford  
Fairfield Township,Lycoming County,Fairfield,Lycoming  
Fairfield Township,Westmoreland County,Fairfield,Westmoreland  
Fairhope Township,Somerset County,Fairhope,Somerset  
Fairmount Township,Luzerne County,Fairmount,Luzerne  
Fairview Township,Butler County,Fairview,Butler  
Fairview Township,Erie County,Fairview,Erie  
Fairview Township,Luzerne County,Fairview,Luzerne  
Fairview Township,Mercer County,Fairview,Mercer  
Fairview Township,York County,Fairview,York  
Fallowfield Township,Washington County,Fallowfield,Washington  
Falls Township,Bucks County,Falls,Bucks  
Falls Township,Wyoming County,Falls,Wyoming  
Fannett Township,Franklin County,Fannett,Franklin  
Farmington Township,Clarion County,Farmington,Clarion  
Farmington Township,Tioga County,Farmington,Tioga  
Farmington Township,Warren County,Farmington,Warren  
Fawn Township,Allegheny County,Fawn,Allegheny  
Fawn Township,York County,Fawn,York  
Fayette Township,Juniata County,Fayette,Juniata  
Fell Township,Lackawanna County,Fell,Lackawanna  
Ferguson Township,Centre County,Ferguson,Centre  
Ferguson Township,Clearfield County,Ferguson,Clearfield  
Fermanagh Township,Juniata County,Fermanagh,Juniata  
Findlay Township,Allegheny County,Findlay,Allegheny  
Findley Township,Mercer County,Findley,Mercer  
Fishing Creek Township,Columbia County,Fishing Creek,Columbia  
Forest Lake Township,Susquehanna County,Forest Lake,Susquehanna  
Forks Township,Northampton County,Forks,Northampton  
Forks Township,Sullivan County,Forks,Sullivan  
Forkston Township,Wyoming County,Forkston,Wyoming  
Forward Township,Allegheny County,Forward,Allegheny  
Forward Township,Butler County,Forward,Butler  
Foster Township,Luzerne County,Foster,Luzerne  
Foster Township,McKean County,Foster,McKean  
Foster Township,Schuylkill County,Foster,Schuylkill  
Fox Township,Elk County,Fox,Elk  
Fox Township,Sullivan County,Fox,Sullivan  
Frailey Township,Schuylkill County,Frailey,Schuylkill  
Franconia Township,Montgomery County,Franconia,Montgomery  
Franklin Township,Adams County,Franklin,Adams  
Franklin Township,Beaver County,Franklin,Beaver  
Franklin Township,Bradford County,Franklin,Bradford  
Franklin Township,Butler County,Franklin,Butler  
Franklin Township,Carbon County,Franklin,Carbon  
Franklin Township,Chester County,Franklin,Chester  
Franklin Township,Columbia County,Franklin,Columbia  
Franklin Township,Erie County,Franklin,Erie  
Franklin Township,Fayette County,Franklin,Fayette  
Franklin Township,Greene County,Franklin,Greene  
Franklin Township,Huntingdon County,Franklin,Huntingdon  
Franklin Township,Luzerne County,Franklin,Luzerne  
Franklin Township,Lycoming County,Franklin,Lycoming  
Franklin Township,Snyder County,Franklin,Snyder  
Franklin Township,Susquehanna County,Franklin,Susquehanna  
Franklin Township,York County,Franklin,York  
Frankstown Township,Blair County,Frankstown,Blair  
Frazer Township,Allegheny County,Frazer,Allegheny  
Freedom Township,Adams County,Freedom,Adams  
Freedom Township,Blair County,Freedom,Blair  
Freehold Township,Warren County,Freehold,Warren  
Freeport Township,Greene County,Freeport,Greene  
French Creek Township,Mercer County,French Creek,Mercer  
Frenchcreek Township,Venango County,Frenchcreek,Venango  
Fulton Township,Lancaster County,Fulton,Lancaster  
Gaines Township,Tioga County,Gaines,Tioga  
Gallagher Township,Clinton County,Gallagher,Clinton  
Gallitzin Township,Cambria County,Gallitzin,Cambria  
Gamble Township,Lycoming County,Gamble,Lycoming  
Gaskill Township,Jefferson County,Gaskill,Jefferson  
Genesee Township,Potter County,Genesee,Potter  
Georges Township,Fayette County,Georges,Fayette  
German Township,Fayette County,German,Fayette  
Germany Township,Adams County,Germany,Adams  
Gibson Township,Cameron County,Gibson,Cameron  
Gibson Township,Susquehanna County,Gibson,Susquehanna  
Gilmore Township,Greene County,Gilmore,Greene  
Gilpin Township,Armstrong County,Gilpin,Armstrong  
Girard Township,Clearfield County,Girard,Clearfield  
Girard Township,Erie County,Girard,Erie  
Glade Township,Warren County,Glade,Warren  
Glenburn Township,Lackawanna County,Glenburn,Lackawanna  
Goshen Township,Clearfield County,Goshen,Clearfield  
Graham Township,Clearfield County,Graham,Clearfield  
Grant Township,Indiana County,Grant,Indiana  
Granville Township,Bradford County,Granville,Bradford  
Granville Township,Mifflin County,Granville,Mifflin  
Gray Township,Greene County,Gray,Greene  
Great Bend Township,Susquehanna County,Great Bend,Susquehanna  
Green Township,Forest County,Green,Forest  
Green Township,Indiana County,Green,Indiana  
Greene Township,Beaver County,Greene,Beaver  
Greene Township,Clinton County,Greene,Clinton  
Greene Township,Erie County,Greene,Erie  
Greene Township,Franklin County,Greene,Franklin  
Greene Township,Greene County,Greene,Greene  
Greene Township,Mercer County,Greene,Mercer  
Greene Township,Pike County,Greene,Pike  
Greenfield Township,Blair County,Greenfield,Blair  
Greenfield Township,Erie County,Greenfield,Erie  
Greenfield Township,Lackawanna County,Greenfield,Lackawanna  
Greenville Township,Somerset County,Greenville,Somerset  
Greenwich Township,Berks County,Greenwich,Berks  
Greenwood Township,Clearfield County,Greenwood,Clearfield  
Greenwood Township,Columbia County,Greenwood,Columbia  
Greenwood Township,Crawford County,Greenwood,Crawford  
Greenwood Township,Juniata County,Greenwood,Juniata  
Greenwood Township,Perry County,Greenwood,Perry  
Gregg Township,Centre County,Gregg,Centre  
Gregg Township,Union County,Gregg,Union  
Grove Township,Cameron County,Grove,Cameron  
Grugan Township,Clinton County,Grugan,Clinton  
Guilford Township,Franklin County,Guilford,Franklin  
Gulich Township,Clearfield County,Gulich,Clearfield  
Haines Township,Centre County,Haines,Centre  
Halfmoon Township,Centre County,Halfmoon,Centre  
Halifax Township,Dauphin County,Halifax,Dauphin  
Hamilton Township,Adams County,Hamilton,Adams  
Hamilton Township,Franklin County,Hamilton,Franklin  
Hamilton Township,McKean County,Hamilton,McKean  
Hamilton Township,Monroe County,Hamilton,Monroe  
Hamilton Township,Tioga County,Hamilton,Tioga  
Hamiltonban Township,Adams County,Hamiltonban,Adams  
Hamlin Township,McKean County,Hamlin,McKean  
Hampden Township,Cumberland County,Hampden,Cumberland  
Hampton Township,Allegheny County,Hampton,Allegheny  
Hanover Township,Beaver County,Hanover,Beaver  
Hanover Township,Lehigh County,Hanover,Lehigh  
Hanover Township,Luzerne County,Hanover,Luzerne  
Hanover Township,Northampton County,Hanover,Northampton  
Hanover Township,Washington County,Hanover,Washington  
Harborcreek Township,Erie County,Harborcreek,Erie  
Harford Township,Susquehanna County,Harford,Susquehanna  
Harmar Township,Allegheny County,Harmar,Allegheny  
Harmony Township,Beaver County,Harmony,Beaver  
Harmony Township,Forest County,Harmony,Forest  
Harmony Township,Susquehanna County,Harmony,Susquehanna  
Harris Township,Centre County,Harris,Centre  
Harrison Township,Allegheny County,Harrison,Allegheny  
Harrison Township,Bedford County,Harrison,Bedford  
Harrison Township,Potter County,Harrison,Potter  
Hartley Township,Union County,Hartley,Union  
Hatfield Township,Montgomery County,Hatfield,Montgomery  
Haverford Township,Delaware County,Haverford,Delaware  
Haycock Township,Bucks County,Haycock,Bucks  
Hayfield Township,Crawford County,Hayfield,Crawford  
Hazle Township,Luzerne County,Hazle,Luzerne  
Heath Township,Jefferson County,Heath,Jefferson  
Hebron Township,Potter County,Hebron,Potter  
Hector Township,Potter County,Hector,Potter  
Hegins Township,Schuylkill County,Hegins,Schuylkill  
Heidelberg Township,Berks County,Heidelberg,Berks  
Heidelberg Township,Lebanon County,Heidelberg,Lebanon  
Heidelberg Township,Lehigh County,Heidelberg,Lehigh  
Heidelberg Township,York County,Heidelberg,York  
Hellam Township,York County,Hellam,York  
Hemlock Township,Columbia County,Hemlock,Columbia  
Hempfield Township,Mercer County,Hempfield,Mercer  
Hempfield Township,Westmoreland County,Hempfield,Westmoreland  
Henderson Township,Huntingdon County,Henderson,Huntingdon  
Henderson Township,Jefferson County,Henderson,Jefferson  
Henry Clay Township,Fayette County,Henry Clay,Fayette  
Hepburn Township,Lycoming County,Hepburn,Lycoming  
Hereford Township,Berks County,Hereford,Berks  
Herrick Township,Bradford County,Herrick,Bradford  
Herrick Township,Susquehanna County,Herrick,Susquehanna  
Hickory Township,Forest County,Hickory,Forest  
Hickory Township,Lawrence County,Hickory,Lawrence  
Highland Township,Adams County,Highland,Adams  
Highland Township,Chester County,Highland,Chester  
Highland Township,Clarion County,Highland,Clarion  
Highland Township,Elk County,Highland,Elk  
Hillsgrove Township,Sullivan County,Hillsgrove,Sullivan  
Hilltown Township,Bucks County,Hilltown,Bucks  
Hollenback Township,Luzerne County,Hollenback,Luzerne  
Homer Township,Potter County,Homer,Potter  
Honey Brook Township,Chester County,Honey Brook,Chester  
Hopewell Township,Beaver County,Hopewell,Beaver  
Hopewell Township,Bedford County,Hopewell,Bedford  
Hopewell Township,Cumberland County,Hopewell,Cumberland  
Hopewell Township,Huntingdon County,Hopewell,Huntingdon  
Hopewell Township,Washington County,Hopewell,Washington  
Hopewell Township,York County,Hopewell,York  
Horsham Township,Montgomery County,Horsham,Montgomery  
Horton Township,Elk County,Horton,Elk  
Hovey Township,Armstrong County,Hovey,Armstrong  
Howard Township,Centre County,Howard,Centre  
Howe Township,Forest County,Howe,Forest  
Howe Township,Perry County,Howe,Perry  
Hubley Township,Schuylkill County,Hubley,Schuylkill  
Hunlock Township,Luzerne County,Hunlock,Luzerne  
Huntington Township,Adams County,Huntington,Adams  
Huntington Township,Luzerne County,Huntington,Luzerne  
Huston Township,Blair County,Huston,Blair  
Huston Township,Centre County,Huston,Centre  
Huston Township,Clearfield County,Huston,Clearfield  
Independence Township,Beaver County,Independence,Beaver  
Independence Township,Washington County,Independence,Washington  
Indiana Township,Allegheny County,Indiana,Allegheny  
Irwin Township,Venango County,Irwin,Venango  
Jackson Township,Butler County,Jackson,Butler  
Jackson Township,Cambria County,Jackson,Cambria  
Jackson Township,Columbia County,Jackson,Columbia  
Jackson Township,Dauphin County,Jackson,Dauphin  
Jackson Township,Greene County,Jackson,Greene  
Jackson Township,Huntingdon County,Jackson,Huntingdon  
Jackson Township,Lebanon County,Jackson,Lebanon  
Jackson Township,Luzerne County,Jackson,Luzerne  
Jackson Township,Lycoming County,Jackson,Lycoming  
Jackson Township,Mercer County,Jackson,Mercer  
Jackson Township,Monroe County,Jackson,Monroe  
Jackson Township,Northumberland County,Jackson,Northumberland  
Jackson Township,Perry County,Jackson,Perry  
Jackson Township,Snyder County,Jackson,Snyder  
Jackson Township,Susquehanna County,Jackson,Susquehanna  
Jackson Township,Tioga County,Jackson,Tioga  
Jackson Township,Venango County,Jackson,Venango  
Jackson Township,York County,Jackson,York  
Jay Township,Elk County,Jay,Elk  
Jefferson Township,Berks County,Jefferson,Berks  
Jefferson Township,Butler County,Jefferson,Butler  
Jefferson Township,Dauphin County,Jefferson,Dauphin  
Jefferson Township,Fayette County,Jefferson,Fayette  
Jefferson Township,Greene County,Jefferson,Greene  
Jefferson Township,Lackawanna County,Jefferson,Lackawanna  
Jefferson Township,Mercer County,Jefferson,Mercer  
Jefferson Township,Somerset County,Jefferson,Somerset  
Jefferson Township,Washington County,Jefferson,Washington  
Jenkins Township,Luzerne County,Jenkins,Luzerne  
Jenks Township,Forest County,Jenks,Forest  
Jenner Township,Somerset County,Jenner,Somerset  
Jessup Township,Susquehanna County,Jessup,Susquehanna  
Jones Township,Elk County,Jones,Elk  
Jordan Township,Clearfield County,Jordan,Clearfield  
Jordan Township,Lycoming County,Jordan,Lycoming  
Jordan Township,Northumberland County,Jordan,Northumberland  
Juniata Township,Bedford County,Juniata,Bedford  
Juniata Township,Blair County,Juniata,Blair  
Juniata Township,Huntingdon County,Juniata,Huntingdon  
Juniata Township,Perry County,Juniata,Perry  
Karthaus Township,Clearfield County,Karthaus,Clearfield  
Keating Township,McKean County,Keating,McKean  
Keating Township,Potter County,Keating,Potter  
Kelly Township,Union County,Kelly,Union  
Kennedy Township,Allegheny County,Kennedy,Allegheny  
Kennett Township,Chester County,Kennett,Chester  
Kidder Township,Carbon County,Kidder,Carbon  
Kilbuck Township,Allegheny County,Kilbuck,Allegheny  
Kimmel Township,Bedford County,Kimmel,Bedford  
King Township,Bedford County,King,Bedford  
Kingsley Township,Forest County,Kingsley,Forest  
Kingston Township,Luzerne County,Kingston,Luzerne  
Kiskiminetas Township,Armstrong County,Kiskiminetas,Armstrong  
Kittanning Township,Armstrong County,Kittanning,Armstrong  
Kline Township,Schuylkill County,Kline,Schuylkill  
Knox Township,Clarion County,Knox,Clarion  
Knox Township,Clearfield County,Knox,Clearfield  
Knox Township,Jefferson County,Knox,Jefferson  
La Plume Township,Lackawanna County,La Plume,Lackawanna  
Lack Township,Juniata County,Lack,Juniata  
Lackawannock Township,Mercer County,Lackawannock,Mercer  
Lackawaxen Township,Pike County,Lackawaxen,Pike  
Lafayette Township,McKean County,Lafayette,McKean  
Lake Township,Luzerne County,Lake,Luzerne  
Lake Township,Mercer County,Lake,Mercer  
Lake Township,Wayne County,Lake,Wayne  
Lamar Township,Clinton County,Lamar,Clinton  
Lancaster Township,Butler County,Lancaster,Butler  
Lancaster Township,Lancaster County,Lancaster,Lancaster  
Laporte Township,Sullivan County,Laporte,Sullivan  
Larimer Township,Somerset County,Larimer,Somerset  
Lathrop Township,Susquehanna County,Lathrop,Susquehanna  
Latimore Township,Adams County,Latimore,Adams  
Lausanne Township,Carbon County,Lausanne,Carbon  
Lawrence Park Township,Erie County,Lawrence Park,Erie  
Lawrence Township,Clearfield County,Lawrence,Clearfield  
Lawrence Township,Tioga County,Lawrence,Tioga  
Leacock Township,Lancaster County,Leacock,Lancaster  
Lebanon Township,Wayne County,Lebanon,Wayne  
LeBoeuf Township,Erie County,LeBoeuf,Erie  
Leet Township,Allegheny County,Leet,Allegheny  
Lehigh Township,Carbon County,Lehigh,Carbon  
Lehigh Township,Northampton County,Lehigh,Northampton  
Lehigh Township,Wayne County,Lehigh,Wayne  
Lehman Township,Luzerne County,Lehman,Luzerne  
Lehman Township,Pike County,Lehman,Pike  
Leidy Township,Clinton County,Leidy,Clinton  
Lemon Township,Wyoming County,Lemon,Wyoming  
Lenox Township,Susquehanna County,Lenox,Susquehanna  
Leroy Township,Bradford County,Leroy,Bradford  
Letterkenny Township,Franklin County,Letterkenny,Franklin  
Lewis Township,Lycoming County,Lewis,Lycoming  
Lewis Township,Northumberland County,Lewis,Northumberland  
Lewis Township,Union County,Lewis,Union  
Liberty Township,Adams County,Liberty,Adams  
Liberty Township,Bedford County,Liberty,Bedford  
Liberty Township,Centre County,Liberty,Centre  
Liberty Township,McKean County,Liberty,McKean  
Liberty Township,Mercer County,Liberty,Mercer  
Liberty Township,Montour County,Liberty,Montour  
Liberty Township,Susquehanna County,Liberty,Susquehanna  
Liberty Township,Tioga County,Liberty,Tioga  
Licking Creek Township,Fulton County,Licking Creek,Fulton  
Licking Township,Clarion County,Licking,Clarion  
Ligonier Township,Westmoreland County,Ligonier,Westmoreland  
Limerick Township,Montgomery County,Limerick,Montgomery  
Limestone Township,Clarion County,Limestone,Clarion  
Limestone Township,Lycoming County,Limestone,Lycoming  
Limestone Township,Montour County,Limestone,Montour  
Limestone Township,Union County,Limestone,Union  
Limestone Township,Warren County,Limestone,Warren  
Lincoln Township,Bedford County,Lincoln,Bedford  
Lincoln Township,Huntingdon County,Lincoln,Huntingdon  
Lincoln Township,Somerset County,Lincoln,Somerset  
Litchfield Township,Bradford County,Litchfield,Bradford  
Little Beaver Township,Lawrence County,Little Beaver,Lawrence  
Little Britain Township,Lancaster County,Little Britain,Lancaster  
Little Mahanoy Township,Northumberland County,Little Mahanoy,Northumberland  
Liverpool Township,Perry County,Liverpool,Perry  
Locust Township,Columbia County,Locust,Columbia  
Logan Township,Blair County,Logan,Blair  
Logan Township,Clinton County,Logan,Clinton  
Logan Township,Huntingdon County,Logan,Huntingdon  
London Britain Township,Chester County,London Britain,Chester  
London Grove Township,Chester County,London Grove,Chester  
Londonderry Township,Bedford County,Londonderry,Bedford  
Londonderry Township,Chester County,Londonderry,Chester  
Londonderry Township,Dauphin County,Londonderry,Dauphin  
Longswamp Township,Berks County,Longswamp,Berks  
Lower Allen Township,Cumberland County,Lower Allen,Cumberland  
Lower Alsace Township,Berks County,Lower Alsace,Berks  
Lower Augusta Township,Northumberland County,Lower Augusta,Northumberland  
Lower Chanceford Township,York County,Lower Chanceford,York  
Lower Chichester Township,Delaware County,Lower Chichester,Delaware  
Lower Frankford Township,Cumberland County,Lower Frankford,Cumberland  
Lower Frederick Township,Montgomery County,Lower Frederick,Montgomery  
Lower Gwynedd Township,Montgomery County,Lower Gwynedd,Montgomery  
Lower Heidelberg Township,Berks County,Lower Heidelberg,Berks  
Lower Macungie Township,Lehigh County,Lower Macungie,Lehigh  
Lower Mahanoy Township,Northumberland County,Lower Mahanoy,Northumberland  
Lower Makefield Township,Bucks County,Lower Makefield,Bucks  
Lower Merion Township,Montgomery County,Lower Merion,Montgomery  
Lower Mifflin Township,Cumberland County,Lower Mifflin,Cumberland  
Lower Milford Township,Lehigh County,Lower Milford,Lehigh  
Lower Moreland Township,Montgomery County,Lower Moreland,Montgomery  
Lower Mount Bethel Township,Northampton County,Lower Mount Bethel,Northampton  
Lower Nazareth Township,Northampton County,Lower Nazareth,Northampton  
Lower Oxford Township,Chester County,Lower Oxford,Chester  
Lower Paxton Township,Dauphin County,Lower Paxton,Dauphin  
Lower Pottsgrove Township,Montgomery County,Lower Pottsgrove,Montgomery  
Lower Providence Township,Montgomery County,Lower Providence,Montgomery  
Lower Salford Township,Montgomery County,Lower Salford,Montgomery  
Lower Saucon Township,Northampton County,Lower Saucon,Northampton  
Lower Southampton Township,Bucks County,Lower Southampton,Bucks  
Lower Swatara Township,Dauphin County,Lower Swatara,Dauphin  
Lower Towamensing Township,Carbon County,Lower Towamensing,Carbon  
Lower Turkeyfoot Township,Somerset County,Lower Turkeyfoot,Somerset  
Lower Tyrone Township,Fayette County,Lower Tyrone,Fayette  
Lower Windsor Township,York County,Lower Windsor,York  
Lower Yoder Township,Cambria County,Lower Yoder,Cambria  
Lowhill Township,Lehigh County,Lowhill,Lehigh  
Loyalhanna Township,Westmoreland County,Loyalhanna,Westmoreland  
Loyalsock Township,Lycoming County,Loyalsock,Lycoming  
Lumber Township,Cameron County,Lumber,Cameron  
Lurgan Township,Franklin County,Lurgan,Franklin  
Luzerne Township,Fayette County,Luzerne,Fayette  
Lycoming Township,Lycoming County,Lycoming,Lycoming  
Lykens Township,Dauphin County,Lykens,Dauphin  
Lynn Township,Lehigh County,Lynn,Lehigh  
Madison Township,Armstrong County,Madison,Armstrong  
Madison Township,Clarion County,Madison,Clarion  
Madison Township,Columbia County,Madison,Columbia  
Madison Township,Lackawanna County,Madison,Lackawanna  
Mahanoy Township,Schuylkill County,Mahanoy,Schuylkill  
Mahoning Township,Armstrong County,Mahoning,Armstrong  
Mahoning Township,Carbon County,Mahoning,Carbon  
Mahoning Township,Lawrence County,Mahoning,Lawrence  
Mahoning Township,Montour County,Mahoning,Montour  
Maidencreek Township,Berks County,Maidencreek,Berks  
Main Township,Columbia County,Main,Columbia  
Manchester Township,Wayne County,Manchester,Wayne  
Manchester Township,York County,Manchester,York  
Manheim Township,Lancaster County,Manheim,Lancaster  
Manheim Township,York County,Manheim,York  
Mann Township,Bedford County,Mann,Bedford  
Manor Township,Armstrong County,Manor,Armstrong  
Manor Township,Lancaster County,Manor,Lancaster  
Marion Township,Beaver County,Marion,Beaver  
Marion Township,Berks County,Marion,Berks  
Marion Township,Butler County,Marion,Butler  
Marion Township,Centre County,Marion,Centre  
Marlborough Township,Montgomery County,Marlborough,Montgomery  
Marple Township,Delaware County,Marple,Delaware  
Marshall Township,Allegheny County,Marshall,Allegheny  
Martic Township,Lancaster County,Martic,Lancaster  
Maxatawny Township,Berks County,Maxatawny,Berks  
Mayberry Township,Montour County,Mayberry,Montour  
McCalmont Township,Jefferson County,McCalmont,Jefferson  
McCandless Township,Allegheny County,McCandless,Allegheny
McHenry Township,Lycoming County,McHenry,Lycoming  
McIntyre Township,Lycoming County,McIntyre,Lycoming  
McKean Township,Erie County,McKean,Erie  
McNett Township,Lycoming County,McNett,Lycoming  
Mead Township,Warren County,Mead,Warren  
Mehoopany Township,Wyoming County,Mehoopany,Wyoming  
Menallen Township,Adams County,Menallen,Adams  
Menallen Township,Fayette County,Menallen,Fayette  
Menno Township,Mifflin County,Menno,Mifflin  
Mercer Township,Butler County,Mercer,Butler  
Meshoppen Township,Wyoming County,Meshoppen,Wyoming  
Metal Township,Franklin County,Metal,Franklin  
Middle Paxton Township,Dauphin County,Middle Paxton,Dauphin  
Middle Smithfield Township,Monroe County,Middle Smithfield,Monroe  
Middle Taylor Township,Cambria County,Middle Taylor,Cambria  
Middlebury Township,Tioga County,Middlebury,Tioga  
Middlecreek Township,Snyder County,Middlecreek,Snyder  
Middlecreek Township,Somerset County,Middlecreek,Somerset  
Middlesex Township,Butler County,Middlesex,Butler  
Middlesex Township,Cumberland County,Middlesex,Cumberland  
Middletown Township,Bucks County,Middletown,Bucks  
Middletown Township,Delaware County,Middletown,Delaware  
Middletown Township,Susquehanna County,Middletown,Susquehanna  
Mifflin Township,Columbia County,Mifflin,Columbia  
Mifflin Township,Dauphin County,Mifflin,Dauphin  
Mifflin Township,Lycoming County,Mifflin,Lycoming  
Miles Township,Centre County,Miles,Centre  
Milford Township,Bucks County,Milford,Bucks  
Milford Township,Juniata County,Milford,Juniata  
Milford Township,Pike County,Milford,Pike  
Milford Township,Somerset County,Milford,Somerset  
Mill Creek Township,Lycoming County,Mill Creek,Lycoming  
Mill Creek Township,Mercer County,Mill Creek,Mercer  
Millcreek Township,Clarion County,Millcreek,Clarion  
Millcreek Township,Erie County,Millcreek,Erie  
Millcreek Township,Lebanon County,Millcreek,Lebanon  
Miller Township,Huntingdon County,Miller,Huntingdon  
Miller Township,Perry County,Miller,Perry  
Millstone Township,Elk County,Millstone,Elk  
Mineral Township,Venango County,Mineral,Venango  
Monaghan Township,York County,Monaghan,York  
Monongahela Township,Greene County,Monongahela,Greene  
Monroe Township,Bedford County,Monroe,Bedford  
Monroe Township,Bradford County,Monroe,Bradford  
Monroe Township,Clarion County,Monroe,Clarion  
Monroe Township,Cumberland County,Monroe,Cumberland  
Monroe Township,Juniata County,Monroe,Juniata  
Monroe Township,Snyder County,Monroe,Snyder  
Monroe Township,Wyoming County,Monroe,Wyoming  
Montgomery Township,Franklin County,Montgomery,Franklin  
Montgomery Township,Indiana County,Montgomery,Indiana  
Montgomery Township,Montgomery County,Montgomery,Montgomery  
Montour Township,Columbia County,Montour,Columbia  
Moon Township,Allegheny County,Moon,Allegheny  
Moore Township,Northampton County,Moore,Northampton  
Moreland Township,Lycoming County,Moreland,Lycoming  
Morgan Township,Greene County,Morgan,Greene  
Morris Township,Clearfield County,Morris,Clearfield  
Morris Township,Greene County,Morris,Greene  
Morris Township,Huntingdon County,Morris,Huntingdon  
Morris Township,Tioga County,Morris,Tioga  
Morris Township,Washington County,Morris,Washington  
Mount Carmel Township,Northumberland County,Mount Carmel,Northumberland  
Mount Joy Township,Adams County,Mount Joy,Adams  
Mount Joy Township,Lancaster County,Mount Joy,Lancaster  
Mount Pleasant Township,Adams County,Mount Pleasant,Adams  
Mount Pleasant Township,Columbia County,Mount Pleasant,Columbia  
Mount Pleasant Township,Washington County,Mount Pleasant,Washington  
Mount Pleasant Township,Wayne County,Mount Pleasant,Wayne  
Mount Pleasant Township,Westmoreland County,Mount Pleasant,Westmoreland  
Mt. Lebanon Township,Allegheny County,Mt. Lebanon,Allegheny
Muddy Creek Township,Butler County,Muddy Creek,Butler  
Muhlenberg Township,Berks County,Muhlenberg,Berks  
Muncy Creek Township,Lycoming County,Muncy Creek,Lycoming  
Muncy Township,Lycoming County,Muncy,Lycoming  
Munster Township,Cambria County,Munster,Cambria  
Napier Township,Bedford County,Napier,Bedford  
Nelson Township,Tioga County,Nelson,Tioga  
Nescopeck Township,Luzerne County,Nescopeck,Luzerne  
Neshannock Township,Lawrence County,Neshannock,Lawrence  
Nether Providence Township,Delaware County,Nether Providence,Delaware  
Neville Township,Allegheny County,Neville,Allegheny  
New Britain Township,Bucks County,New Britain,Bucks  
New Castle Township,Schuylkill County,New Castle,Schuylkill  
New Garden Township,Chester County,New Garden,Chester  
New Hanover Township,Montgomery County,New Hanover,Montgomery  
New London Township,Chester County,New London,Chester  
New Milford Township,Susquehanna County,New Milford,Susquehanna  
New Sewickley Township,Beaver County,New Sewickley,Beaver  
New Vernon Township,Mercer County,New Vernon,Mercer  
Newberry Township,York County,Newberry,York  
Newlin Township,Chester County,Newlin,Chester  
Newport Township,Luzerne County,Newport,Luzerne  
Newton Township,Lackawanna County,Newton,Lackawanna  
Newtown Township,Bucks County,Newtown,Bucks  
Newtown Township,Delaware County,Newtown,Delaware  
Nicholson Township,Fayette County,Nicholson,Fayette  
Nicholson Township,Wyoming County,Nicholson,Wyoming  
Nippenose Township,Lycoming County,Nippenose,Lycoming  
Nockamixon Township,Bucks County,Nockamixon,Bucks  
North Abington Township,Lackawanna County,North Abington,Lackawanna  
North Annville Township,Lebanon County,North Annville,Lebanon  
North Beaver Township,Lawrence County,North Beaver,Lawrence  
North Bethlehem Township,Washington County,North Bethlehem,Washington  
North Branch Township,Wyoming County,North Branch,Wyoming  
North Buffalo Township,Armstrong County,North Buffalo,Armstrong  
North Centre Township,Columbia County,North Centre,Columbia  
North Codorus Township,York County,North Codorus,York  
North Cornwall Township,Lebanon County,North Cornwall,Lebanon  
North Coventry Township,Chester County,North Coventry,Chester  
North East Township,Erie County,North East,Erie  
North Fayette Township,Allegheny County,North Fayette,Allegheny  
North Franklin Township,Washington County,North Franklin,Washington  
North Heidelberg Township,Berks County,North Heidelberg,Berks  
North Hopewell Township,York County,North Hopewell,York  
North Huntingdon Township,Westmoreland County,North Huntingdon,Westmoreland  
North Lebanon Township,Lebanon County,North Lebanon,Lebanon  
North Londonderry Township,Lebanon County,North Londonderry,Lebanon  
North Mahoning Township,Indiana County,North Mahoning,Indiana  
North Manheim Township,Schuylkill County,North Manheim,Schuylkill  
North Middleton Township,Cumberland County,North Middleton,Cumberland  
North Newton Township,Cumberland County,North Newton,Cumberland  
North Sewickley Township,Beaver County,North Sewickley,Beaver  
North Shenango Township,Crawford County,North Shenango,Crawford  
North Strabane Township,Washington County,North Strabane,Washington  
North Towanda Township,Bradford County,North Towanda,Bradford  
North Union Township,Fayette County,North Union,Fayette  
North Union Township,Schuylkill County,North Union,Schuylkill  
North Versailles Township,Allegheny County,North Versailles,Allegheny  
North Whitehall Township,Lehigh County,North Whitehall,Lehigh  
North Woodbury Township,Blair County,North Woodbury,Blair  
Northampton Township,Bucks County,Northampton,Bucks  
Northampton Township,Somerset County,Northampton,Somerset  
Northeast Madison Township,Perry County,Northeast Madison,Perry  
Northmoreland Township,Wyoming County,Northmoreland,Wyoming  
Norwegian Township,Schuylkill County,Norwegian,Schuylkill  
Norwich Township,McKean County,Norwich,McKean  
Nottingham Township,Washington County,Nottingham,Washington  
Noxen Township,Wyoming County,Noxen,Wyoming  
Noyes Township,Clinton County,Noyes,Clinton  
Oakland Township,Butler County,Oakland,Butler  
Oakland Township,Susquehanna County,Oakland,Susquehanna  
Oakland Township,Venango County,Oakland,Venango  
Ogle Township,Somerset County,Ogle,Somerset  
O'Hara Township,Allegheny County,O'Hara,Allegheny  
Ohio Township,Allegheny County,Ohio,Allegheny  
Oil Creek Township,Crawford County,Oil Creek,Crawford  
Oilcreek Township,Venango County,Oilcreek,Venango  
Old Lycoming Township,Lycoming County,Old Lycoming,Lycoming  
Oley Township,Berks County,Oley,Berks  
Oliver Township,Jefferson County,Oliver,Jefferson  
Oliver Township,Mifflin County,Oliver,Mifflin  
Oliver Township,Perry County,Oliver,Perry  
Oneida Township,Huntingdon County,Oneida,Huntingdon  
Ontelaunee Township,Berks County,Ontelaunee,Berks  
Orange Township,Columbia County,Orange,Columbia  
Oregon Township,Wayne County,Oregon,Wayne  
Orwell Township,Bradford County,Orwell,Bradford  
Osceola Township,Tioga County,Osceola,Tioga  
Oswayo Township,Potter County,Oswayo,Potter  
Otter Creek Township,Mercer County,Otter Creek,Mercer  
Otto Township,McKean County,Otto,McKean  
Overfield Township,Wyoming County,Overfield,Wyoming  
Overton Township,Bradford County,Overton,Bradford  
Oxford Township,Adams County,Oxford,Adams  
Packer Township,Carbon County,Packer,Carbon  
Paint Township,Clarion County,Paint,Clarion  
Paint Township,Somerset County,Paint,Somerset  
Palmer Township,Northampton County,Palmer,Northampton  
Palmyra Township,Pike County,Palmyra,Pike  
Palmyra Township,Wayne County,Palmyra,Wayne  
Paradise Township,Lancaster County,Paradise,Lancaster  
Paradise Township,Monroe County,Paradise,Monroe  
Paradise Township,York County,Paradise,York  
Parker Township,Butler County,Parker,Butler  
Parks Township,Armstrong County,Parks,Armstrong  
Patterson Township,Beaver County,Patterson,Beaver  
Patton Township,Centre County,Patton,Centre  
Paupack Township,Wayne County,Paupack,Wayne  
Pavia Township,Bedford County,Pavia,Bedford  
Peach Bottom Township,York County,Peach Bottom,York  
Penn Forest Township,Carbon County,Penn Forest,Carbon  
Penn Hills Township,Allegheny County,Penn Hills,Allegheny  
Penn Township,Berks County,Penn,Berks  
Penn Township,Butler County,Penn,Butler  
Penn Township,Centre County,Penn,Centre  
Penn Township,Chester County,Penn,Chester  
Penn Township,Clearfield County,Penn,Clearfield  
Penn Township,Cumberland County,Penn,Cumberland  
Penn Township,Huntingdon County,Penn,Huntingdon  
Penn Township,Lancaster County,Penn,Lancaster  
Penn Township,Lycoming County,Penn,Lycoming  
Penn Township,Perry County,Penn,Perry  
Penn Township,Snyder County,Penn,Snyder  
Penn Township,Westmoreland County,Penn,Westmoreland  
Penn Township,York County,Penn,York  
Pennsbury Township,Chester County,Pennsbury,Chester  
Pequea Township,Lancaster County,Pequea,Lancaster  
Perkiomen Township,Montgomery County,Perkiomen,Montgomery  
Perry Township,Armstrong County,Perry,Armstrong  
Perry Township,Berks County,Perry,Berks  
Perry Township,Clarion County,Perry,Clarion  
Perry Township,Fayette County,Perry,Fayette  
Perry Township,Greene County,Perry,Greene  
Perry Township,Jefferson County,Perry,Jefferson  
Perry Township,Lawrence County,Perry,Lawrence  
Perry Township,Mercer County,Perry,Mercer  
Perry Township,Snyder County,Perry,Snyder  
Peters Township,Franklin County,Peters,Franklin  
Peters Township,Washington County,Peters,Washington  
Piatt Township,Lycoming County,Piatt,Lycoming  
Pike Township,Berks County,Pike,Berks  
Pike Township,Bradford County,Pike,Bradford  
Pike Township,Clearfield County,Pike,Clearfield  
Pike Township,Potter County,Pike,Potter  
Pine Creek Township,Clinton County,Pine Creek,Clinton  
Pine Creek Township,Jefferson County,Pine Creek,Jefferson  
Pine Grove Township,Schuylkill County,Pine Grove,Schuylkill  
Pine Grove Township,Warren County,Pine Grove,Warren  
Pine Township,Allegheny County,Pine,Allegheny  
Pine Township,Armstrong County,Pine,Armstrong  
Pine Township,Clearfield County,Pine,Clearfield  
Pine Township,Columbia County,Pine,Columbia  
Pine Township,Crawford County,Pine,Crawford  
Pine Township,Indiana County,Pine,Indiana  
Pine Township,Lycoming County,Pine,Lycoming  
Pine Township,Mercer County,Pine,Mercer  
Pinegrove Township,Venango County,Pinegrove,Venango  
Piney Township,Clarion County,Piney,Clarion  
Pittsfield Township,Warren County,Pittsfield,Warren  
Pittston Township,Luzerne County,Pittston,Luzerne  
Plain Grove Township,Lawrence County,Plain Grove,Lawrence  
Plainfield Township,Northampton County,Plainfield,Northampton  
Plains Township,Luzerne County,Plains,Luzerne  
Pleasant Township,Warren County,Pleasant,Warren  
Pleasant Valley Township,Potter County,Pleasant Valley,Potter  
Plum Township,Venango County,Plum,Venango  
Plumcreek Township,Armstrong County,Plumcreek,Armstrong  
Plumstead Township,Bucks County,Plumstead,Bucks  
Plunketts Creek Township,Lycoming County,Plunketts Creek,Lycoming  
Plymouth Township,Luzerne County,Plymouth,Luzerne  
Plymouth Township,Montgomery County,Plymouth,Montgomery  
Pocono Township,Monroe County,Pocono,Monroe  
Pocopson Township,Chester County,Pocopson,Chester  
Point Township,Northumberland County,Point,Northumberland  
Polk Township,Jefferson County,Polk,Jefferson  
Polk Township,Monroe County,Polk,Monroe  
Portage Township,Cambria County,Portage,Cambria  
Portage Township,Cameron County,Portage,Cameron  
Portage Township,Potter County,Portage,Potter  
Porter Township,Clarion County,Porter,Clarion  
Porter Township,Clinton County,Porter,Clinton  
Porter Township,Huntingdon County,Porter,Huntingdon  
Porter Township,Jefferson County,Porter,Jefferson  
Porter Township,Lycoming County,Porter,Lycoming  
Porter Township,Pike County,Porter,Pike  
Porter Township,Schuylkill County,Porter,Schuylkill  
Potter Township,Beaver County,Potter,Beaver  
Potter Township,Centre County,Potter,Centre  
President Township,Venango County,President,Venango  
Preston Township,Wayne County,Preston,Wayne  
Price Township,Monroe County,Price,Monroe  
Providence Township,Lancaster County,Providence,Lancaster  
Pulaski Township,Beaver County,Pulaski,Beaver  
Pulaski Township,Lawrence County,Pulaski,Lawrence  
Putnam Township,Tioga County,Putnam,Tioga  
Pymatuning Township,Mercer County,Pymatuning,Mercer  
Quemahoning Township,Somerset County,Quemahoning,Somerset  
Quincy Township,Franklin County,Quincy,Franklin  
Raccoon Township,Beaver County,Raccoon,Beaver  
Radnor Township,Delaware County,Radnor,Delaware  
Ralpho Township,Northumberland County,Ralpho,Northumberland  
Randolph Township,Crawford County,Randolph,Crawford  
Ransom Township,Lackawanna County,Ransom,Lackawanna  
Rapho Township,Lancaster County,Rapho,Lancaster  
Rayburn Township,Armstrong County,Rayburn,Armstrong  
Rayne Township,Indiana County,Rayne,Indiana  
Reade Township,Cambria County,Reade,Cambria  
Reading Township,Adams County,Reading,Adams  
Redbank Township,Armstrong County,Redbank,Armstrong  
Redbank Township,Clarion County,Redbank,Clarion  
Redstone Township,Fayette County,Redstone,Fayette  
Reed Township,Dauphin County,Reed,Dauphin  
Reilly Township,Schuylkill County,Reilly,Schuylkill  
Reserve Township,Allegheny County,Reserve,Allegheny  
Rice Township,Luzerne County,Rice,Luzerne  
Richhill Township,Greene County,Richhill,Greene  
Richland Township,Allegheny County,Richland,Allegheny  
Richland Township,Bucks County,Richland,Bucks  
Richland Township,Cambria County,Richland,Cambria  
Richland Township,Clarion County,Richland,Clarion  
Richland Township,Venango County,Richland,Venango  
Richmond Township,Berks County,Richmond,Berks  
Richmond Township,Crawford County,Richmond,Crawford  
Richmond Township,Tioga County,Richmond,Tioga  
Ridgebury Township,Bradford County,Ridgebury,Bradford  
Ridgway Township,Elk County,Ridgway,Elk  
Ridley Township,Delaware County,Ridley,Delaware  
Ringgold Township,Jefferson County,Ringgold,Jefferson  
Roaring Brook Township,Lackawanna County,Roaring Brook,Lackawanna  
Roaring Creek Township,Columbia County,Roaring Creek,Columbia  
Robeson Township,Berks County,Robeson,Berks  
Robinson Township,Allegheny County,Robinson,Allegheny  
Robinson Township,Washington County,Robinson,Washington  
Rochester Township,Beaver County,Rochester,Beaver  
Rockdale Township,Crawford County,Rockdale,Crawford  
Rockefeller Township,Northumberland County,Rockefeller,Northumberland  
Rockland Township,Berks County,Rockland,Berks  
Rockland Township,Venango County,Rockland,Venango  
Rome Township,Bradford County,Rome,Bradford  
Rome Township,Crawford County,Rome,Crawford  
Rose Township,Jefferson County,Rose,Jefferson  
Ross Township,Allegheny County,Ross,Allegheny  
Ross Township,Luzerne County,Ross,Luzerne  
Ross Township,Monroe County,Ross,Monroe  
Rostraver Township,Westmoreland County,Rostraver,Westmoreland  
Roulette Township,Potter County,Roulette,Potter  
Ruscombmanor Township,Berks County,Ruscombmanor,Berks  
Rush Township,Centre County,Rush,Centre  
Rush Township,Dauphin County,Rush,Dauphin  
Rush Township,Northumberland County,Rush,Northumberland  
Rush Township,Schuylkill County,Rush,Schuylkill  
Rush Township,Susquehanna County,Rush,Susquehanna  
Rutland Township,Tioga County,Rutland,Tioga  
Ryan Township,Schuylkill County,Ryan,Schuylkill  
Rye Township,Perry County,Rye,Perry  
Sadsbury Township,Chester County,Sadsbury,Chester  
Sadsbury Township,Crawford County,Sadsbury,Crawford  
Sadsbury Township,Lancaster County,Sadsbury,Lancaster  
Salem Township,Clarion County,Salem,Clarion  
Salem Township,Luzerne County,Salem,Luzerne  
Salem Township,Mercer County,Salem,Mercer  
Salem Township,Wayne County,Salem,Wayne  
Salem Township,Westmoreland County,Salem,Westmoreland  
Salford Township,Montgomery County,Salford,Montgomery  
Salisbury Township,Lancaster County,Salisbury,Lancaster  
Salisbury Township,Lehigh County,Salisbury,Lehigh  
Saltlick Township,Fayette County,Saltlick,Fayette  
Sandy Creek Township,Mercer County,Sandy Creek,Mercer  
Sandy Lake Township,Mercer County,Sandy Lake,Mercer  
Sandy Township,Clearfield County,Sandy,Clearfield  
Sandycreek Township,Venango County,Sandycreek,Venango  
Saville Township,Perry County,Saville,Perry  
Schuylkill Township,Chester County,Schuylkill,Chester  
Schuylkill Township,Schuylkill County,Schuylkill,Schuylkill  
Scott Township,Allegheny County,Scott,Allegheny  
Scott Township,Columbia County,Scott,Columbia  
Scott Township,Lackawanna County,Scott,Lackawanna  
Scott Township,Lawrence County,Scott,Lawrence  
Scott Township,Wayne County,Scott,Wayne  
Scrubgrass Township,Venango County,Scrubgrass,Venango  
Sergeant Township,McKean County,Sergeant,McKean  
Sewickley Township,Westmoreland County,Sewickley,Westmoreland  
Shade Township,Somerset County,Shade,Somerset  
Shaler Township,Allegheny County,Shaler,Allegheny  
Shamokin Township,Northumberland County,Shamokin,Northumberland  
Sharon Township,Potter County,Sharon,Potter  
Sheffield Township,Warren County,Sheffield,Warren  
Shenango Township,Lawrence County,Shenango,Lawrence  
Shenango Township,Mercer County,Shenango,Mercer  
Sheshequin Township,Bradford County,Sheshequin,Bradford  
Shippen Township,Cameron County,Shippen,Cameron  
Shippen Township,Tioga County,Shippen,Tioga  
Shippensburg Township,Cumberland County,Shippensburg,Cumberland  
Shirley Township,Huntingdon County,Shirley,Huntingdon  
Shohola Township,Pike County,Shohola,Pike  
Shrewsbury Township,Lycoming County,Shrewsbury,Lycoming  
Shrewsbury Township,Sullivan County,Shrewsbury,Sullivan  
Shrewsbury Township,York County,Shrewsbury,York  
Silver Lake Township,Susquehanna County,Silver Lake,Susquehanna  
Silver Spring Township,Cumberland County,Silver Spring,Cumberland  
Skippack Township,Montgomery County,Skippack,Montgomery  
Slippery Rock Township,Butler County,Slippery Rock,Butler  
Slippery Rock Township,Lawrence County,Slippery Rock,Lawrence  
Slocum Township,Luzerne County,Slocum,Luzerne  
Smith Township,Washington County,Smith,Washington  
Smithfield Township,Bradford County,Smithfield,Bradford  
Smithfield Township,Huntingdon County,Smithfield,Huntingdon  
Smithfield Township,Monroe County,Smithfield,Monroe  
Snake Spring Township,Bedford County,Snake Spring,Bedford  
Snow Shoe Township,Centre County,Snow Shoe,Centre  
Snyder Township,Blair County,Snyder,Blair  
Snyder Township,Jefferson County,Snyder,Jefferson  
Solebury Township,Bucks County,Solebury,Bucks  
Somerset Township,Somerset County,Somerset,Somerset  
Somerset Township,Washington County,Somerset,Washington  
South Abington Township,Lackawanna County,South Abington,Lackawanna  
South Annville Township,Lebanon County,South Annville,Lebanon  
South Beaver Township,Beaver County,South Beaver,Beaver  
South Bend Township,Armstrong County,South Bend,Armstrong  
South Buffalo Township,Armstrong County,South Buffalo,Armstrong  
South Canaan Township,Wayne County,South Canaan,Wayne  
South Centre Township,Columbia County,South Centre,Columbia  
South Coventry Township,Chester County,South Coventry,Chester  
South Creek Township,Bradford County,South Creek,Bradford  
South Fayette Township,Allegheny County,South Fayette,Allegheny  
South Franklin Township,Washington County,South Franklin,Washington  
South Hanover Township,Dauphin County,South Hanover,Dauphin  
South Heidelberg Township,Berks County,South Heidelberg,Berks  
South Huntingdon Township,Westmoreland County,South Huntingdon,Westmoreland  
South Lebanon Township,Lebanon County,South Lebanon,Lebanon  
South Londonderry Township,Lebanon County,South Londonderry,Lebanon  
South Mahoning Township,Indiana County,South Mahoning,Indiana  
South Manheim Township,Schuylkill County,South Manheim,Schuylkill  
South Middleton Township,Cumberland County,South Middleton,Cumberland  
South Newton Township,Cumberland County,South Newton,Cumberland  
South Park Township,Allegheny County,South Park,Allegheny  
South Pymatuning Township,Mercer County,South Pymatuning,Mercer  
South Shenango Township,Crawford County,South Shenango,Crawford  
South Strabane Township,Washington County,South Strabane,Washington  
South Union Township,Fayette County,South Union,Fayette  
South Versailles Township,Allegheny County,South Versailles,Allegheny  
South Whitehall Township,Lehigh County,South Whitehall,Lehigh  
South Woodbury Township,Bedford County,South Woodbury,Bedford  
Southampton Township,Bedford County,Southampton,Bedford  
Southampton Township,Cumberland County,Southampton,Cumberland  
Southampton Township,Franklin County,Southampton,Franklin  
Southampton Township,Somerset County,Southampton,Somerset  
Southwest Madison Township,Perry County,Southwest Madison,Perry  
Southwest Township,Warren County,Southwest,Warren  
Sparta Township,Crawford County,Sparta,Crawford  
Spring Brook Township,Lackawanna County,Spring Brook,Lackawanna  
Spring Creek Township,Elk County,Spring Creek,Elk  
Spring Creek Township,Warren County,Spring Creek,Warren  
Spring Garden Township,York County,Spring Garden,York  
Spring Township,Berks County,Spring,Berks  
Spring Township,Centre County,Spring,Centre  
Spring Township,Crawford County,Spring,Crawford  
Spring Township,Perry County,Spring,Perry  
Spring Township,Snyder County,Spring,Snyder  
Springdale Township,Allegheny County,Springdale,Allegheny  
Springettsbury Township,York County,Springettsbury,York  
Springfield Township,Bradford County,Springfield,Bradford  
Springfield Township,Bucks County,Springfield,Bucks  
Springfield Township,Delaware County,Springfield,Delaware  
Springfield Township,Erie County,Springfield,Erie  
Springfield Township,Fayette County,Springfield,Fayette  
Springfield Township,Huntingdon County,Springfield,Huntingdon  
Springfield Township,Mercer County,Springfield,Mercer  
Springfield Township,Montgomery County,Springfield,Montgomery  
Springfield Township,York County,Springfield,York  
Springhill Township,Fayette County,Springhill,Fayette  
Springhill Township,Greene County,Springhill,Greene  
Springville Township,Susquehanna County,Springville,Susquehanna  
Spruce Creek Township,Huntingdon County,Spruce Creek,Huntingdon  
Spruce Hill Township,Juniata County,Spruce Hill,Juniata  
St. Clair Township,Westmoreland County,St. Clair,Westmoreland  
St. Thomas Township,Franklin County,St. Thomas,Franklin  
Standing Stone Township,Bradford County,Standing Stone,Bradford  
Sterling Township,Wayne County,Sterling,Wayne  
Steuben Township,Crawford County,Steuben,Crawford  
Stevens Township,Bradford County,Stevens,Bradford  
Stewardson Township,Potter County,Stewardson,Potter  
Stewart Township,Fayette County,Stewart,Fayette  
Stonycreek Township,Cambria County,Stonycreek,Cambria  
Stonycreek Township,Somerset County,Stonycreek,Somerset  
Stowe Township,Allegheny County,Stowe,Allegheny  
Straban Township,Adams County,Straban,Adams  
Strasburg Township,Lancaster County,Strasburg,Lancaster  
Stroud Township,Monroe County,Stroud,Monroe  
Sugar Grove Township,Mercer County,Sugar Grove,Mercer  
Sugar Grove Township,Warren County,Sugar Grove,Warren  
Sugarcreek Township,Armstrong County,Sugarcreek,Armstrong  
Sugarloaf Township,Columbia County,Sugarloaf,Columbia  
Sugarloaf Township,Luzerne County,Sugarloaf,Luzerne  
Sullivan Township,Tioga County,Sullivan,Tioga  
Summerhill Township,Cambria County,Summerhill,Cambria  
Summerhill Township,Crawford County,Summerhill,Crawford  
Summit Township,Butler County,Summit,Butler  
Summit Township,Crawford County,Summit,Crawford  
Summit Township,Erie County,Summit,Erie  
Summit Township,Potter County,Summit,Potter  
Summit Township,Somerset County,Summit,Somerset  
Susquehanna Township,Cambria County,Susquehanna,Cambria  
Susquehanna Township,Dauphin County,Susquehanna,Dauphin  
Susquehanna Township,Juniata County,Susquehanna,Juniata  
Susquehanna Township,Lycoming County,Susquehanna,Lycoming  
Swatara Township,Dauphin County,Swatara,Dauphin  
Swatara Township,Lebanon County,Swatara,Lebanon  
Sweden Township,Potter County,Sweden,Potter  
Sylvania Township,Potter County,Sylvania,Potter  
Taylor Township,Blair County,Taylor,Blair  
Taylor Township,Centre County,Taylor,Centre  
Taylor Township,Fulton County,Taylor,Fulton  
Taylor Township,Lawrence County,Taylor,Lawrence  
Tell Township,Huntingdon County,Tell,Huntingdon  
Terry Township,Bradford County,Terry,Bradford  
Texas Township,Wayne County,Texas,Wayne  
Thompson Township,Fulton County,Thompson,Fulton  
Thompson Township,Susquehanna County,Thompson,Susquehanna  
Thornbury Township,Chester County,Thornbury,Chester  
Thornbury Township,Delaware County,Thornbury,Delaware  
Thornhurst Township,Lackawanna County,Thornhurst,Lackawanna  
Tilden Township,Berks County,Tilden,Berks  
Tinicum Township,Bucks County,Tinicum,Bucks  
Tinicum Township,Delaware County,Tinicum,Delaware  
Tioga Township,Tioga County,Tioga,Tioga  
Tionesta Township,Forest County,Tionesta,Forest  
Toboyne Township,Perry County,Toboyne,Perry  
Toby Township,Clarion County,Toby,Clarion  
Tobyhanna Township,Monroe County,Tobyhanna,Monroe  
Todd Township,Fulton County,Todd,Fulton  
Todd Township,Huntingdon County,Todd,Huntingdon  
Towamencin Township,Montgomery County,Towamencin,Montgomery  
Towamensing Township,Carbon County,Towamensing,Carbon  
Towanda Township,Bradford County,Towanda,Bradford  
Tredyffrin Township,Chester County,Tredyffrin,Chester  
Tremont Township,Schuylkill County,Tremont,Schuylkill  
Triumph Township,Warren County,Triumph,Warren  
Troy Township,Bradford County,Troy,Bradford  
Troy Township,Crawford County,Troy,Crawford  
Tulpehocken Township,Berks County,Tulpehocken,Berks  
Tunkhannock Township,Monroe County,Tunkhannock,Monroe  
Tunkhannock Township,Wyoming County,Tunkhannock,Wyoming  
Turbett Township,Juniata County,Turbett,Juniata  
Turbot Township,Northumberland County,Turbot,Northumberland  
Tuscarora Township,Bradford County,Tuscarora,Bradford  
Tuscarora Township,Juniata County,Tuscarora,Juniata  
Tuscarora Township,Perry County,Tuscarora,Perry  
Tyrone Township,Adams County,Tyrone,Adams  
Tyrone Township,Blair County,Tyrone,Blair  
Tyrone Township,Perry County,Tyrone,Perry  
Ulster Township,Bradford County,Ulster,Bradford  
Ulysses Township,Potter County,Ulysses,Potter  
Union Township,Adams County,Union,Adams  
Union Township,Berks County,Union,Berks  
Union Township,Centre County,Union,Centre  
Union Township,Clearfield County,Union,Clearfield  
Union Township,Crawford County,Union,Crawford  
Union Township,Erie County,Union,Erie  
Union Township,Fulton County,Union,Fulton  
Union Township,Huntingdon County,Union,Huntingdon  
Union Township,Jefferson County,Union,Jefferson  
Union Township,Lawrence County,Union,Lawrence  
Union Township,Lebanon County,Union,Lebanon  
Union Township,Luzerne County,Union,Luzerne  
Union Township,Mifflin County,Union,Mifflin  
Union Township,Schuylkill County,Union,Schuylkill  
Union Township,Snyder County,Union,Snyder  
Union Township,Tioga County,Union,Tioga  
Union Township,Union County,Union Township]], || Union  
Union Township,Washington County,Union,Washington  
Unity Township,Westmoreland County,Unity,Westmoreland  
Upper Allen Township,Cumberland County,Upper Allen,Cumberland  
Upper Augusta Township,Northumberland County,Upper Augusta,Northumberland  
Upper Bern Township,Berks County,Upper Bern,Berks  
Upper Burrell Township,Westmoreland County,Upper Burrell,Westmoreland  
Upper Chichester Township,Delaware County,Upper Chichester,Delaware  
Upper Darby Township,Delaware County,Upper Darby,Delaware  
Upper Dublin Township,Montgomery County,Upper Dublin,Montgomery  
Upper Fairfield Township,Lycoming County,Upper Fairfield,Lycoming  
Upper Frankford Township,Cumberland County,Upper Frankford,Cumberland  
Upper Frederick Township,Montgomery County,Upper Frederick,Montgomery  
Upper Gwynedd Township,Montgomery County,Upper Gwynedd,Montgomery  
Upper Hanover Township,Montgomery County,Upper Hanover,Montgomery  
Upper Leacock Township,Lancaster County,Upper Leacock,Lancaster  
Upper Macungie Township,Lehigh County,Upper Macungie,Lehigh  
Upper Mahanoy Township,Northumberland County,Upper Mahanoy,Northumberland  
Upper Mahantongo Township,Schuylkill County,Upper Mahantongo,Schuylkill  
Upper Makefield Township,Bucks County,Upper Makefield,Bucks  
Upper Merion Township,Montgomery County,Upper Merion,Montgomery  
Upper Mifflin Township,Cumberland County,Upper Mifflin,Cumberland  
Upper Milford Township,Lehigh County,Upper Milford,Lehigh  
Upper Moreland Township,Montgomery County,Upper Moreland,Montgomery  
Upper Mount Bethel Township,Northampton County,Upper Mount Bethel,Northampton  
Upper Nazareth Township,Northampton County,Upper Nazareth,Northampton  
Upper Oxford Township,Chester County,Upper Oxford,Chester  
Upper Paxton Township,Dauphin County,Upper Paxton,Dauphin  
Upper Pottsgrove Township,Montgomery County,Upper Pottsgrove,Montgomery  
Upper Providence Township,Delaware County,Upper Providence,Delaware  
Upper Providence Township,Montgomery County,Upper Providence,Montgomery  
Upper Salford Township,Montgomery County,Upper Salford,Montgomery  
Upper Saucon Township,Lehigh County,Upper Saucon,Lehigh  
Upper Southampton Township,Bucks County,Upper Southampton,Bucks  
Upper St. Clair Township,Allegheny County,Upper St. Clair,Allegheny  
Upper Tulpehocken Township,Berks County,Upper Tulpehocken,Berks  
Upper Turkeyfoot Township,Somerset County,Upper Turkeyfoot,Somerset  
Upper Tyrone Township,Fayette County,Upper Tyrone,Fayette  
Upper Uwchlan Township,Chester County,Upper Uwchlan,Chester  
Upper Yoder Township,Cambria County,Upper Yoder,Cambria  
Uwchlan Township,Chester County,Uwchlan,Chester  
Valley Township,Armstrong County,Valley,Armstrong  
Valley Township,Chester County,Valley,Chester  
Valley Township,Montour County,Valley,Montour  
Vanport Township,Beaver County,Vanport,Beaver  
Venango Township,Butler County,Venango,Butler  
Venango Township,Crawford County,Venango,Crawford  
Venango Township,Erie County,Venango,Erie  
Vernon Township,Crawford County,Vernon,Crawford  
Victory Township,Venango County,Victory,Venango  
Walker Township,Centre County,Walker,Centre  
Walker Township,Huntingdon County,Walker,Huntingdon  
Walker Township,Juniata County,Walker,Juniata  
Walker Township,Schuylkill County,Walker,Schuylkill  
Wallace Township,Chester County,Wallace,Chester  
Ward Township,Tioga County,Ward,Tioga  
Warminster Township,Bucks County,Warminster,Bucks  
Warren Township,Bradford County,Warren,Bradford  
Warren Township,Franklin County,Warren,Franklin  
Warrington Township,Bucks County,Warrington,Bucks  
Warrington Township,York County,Warrington,York  
Warriors Mark Township,Huntingdon County,Warriors Mark,Huntingdon  
Warsaw Township,Jefferson County,Warsaw,Jefferson  
Warwick Township,Bucks County,Warwick,Bucks  
Warwick Township,Chester County,Warwick,Chester  
Warwick Township,Lancaster County,Warwick,Lancaster  
Washington Township,Armstrong County,Washington,Armstrong  
Washington Township,Berks County,Washington,Berks  
Washington Township,Butler County,Washington,Butler  
Washington Township,Cambria County,Washington,Cambria  
Washington Township,Clarion County,Washington,Clarion  
Washington Township,Dauphin County,Washington,Dauphin  
Washington Township,Erie County,Washington,Erie  
Washington Township,Fayette County,Washington,Fayette  
Washington Township,Franklin County,Washington,Franklin  
Washington Township,Greene County,Washington,Greene  
Washington Township,Indiana County,Washington,Indiana  
Washington Township,Jefferson County,Washington,Jefferson  
Washington Township,Lawrence County,Washington,Lawrence  
Washington Township,Lehigh County,Washington,Lehigh  
Washington Township,Lycoming County,Washington,Lycoming  
Washington Township,Northampton County,Washington,Northampton  
Washington Township,Northumberland County,Washington,Northumberland  
Washington Township,Schuylkill County,Washington,Schuylkill  
Washington Township,Snyder County,Washington,Snyder  
Washington Township,Westmoreland County,Washington,Westmoreland  
Washington Township,Wyoming County,Washington,Wyoming  
Washington Township,York County,Washington,York  
Waterford Township,Erie County,Waterford,Erie  
Watson Township,Lycoming County,Watson,Lycoming  
Watson Township,Warren County,Watson,Warren  
Watts Township,Perry County,Watts,Perry  
Waverly Township,Lackawanna County,Waverly,Lackawanna  
Wayne Township,Armstrong County,Wayne,Armstrong  
Wayne Township,Clinton County,Wayne,Clinton  
Wayne Township,Crawford County,Wayne,Crawford  
Wayne Township,Dauphin County,Wayne,Dauphin  
Wayne Township,Erie County,Wayne,Erie  
Wayne Township,Greene County,Wayne,Greene  
Wayne Township,Lawrence County,Wayne,Lawrence  
Wayne Township,Mifflin County,Wayne,Mifflin  
Wayne Township,Schuylkill County,Wayne,Schuylkill  
Weisenberg Township,Lehigh County,Weisenberg,Lehigh  
Wells Township,Bradford County,Wells,Bradford  
Wells Township,Fulton County,Wells,Fulton  
West Abington Township,Lackawanna County,West Abington,Lackawanna  
West Beaver Township,Snyder County,West Beaver,Snyder  
West Bethlehem Township,Washington County,West Bethlehem,Washington  
West Bradford Township,Chester County,West Bradford,Chester  
West Branch Township,Potter County,West Branch,Potter  
West Brandywine Township,Chester County,West Brandywine,Chester  
West Brunswick Township,Schuylkill County,West Brunswick,Schuylkill  
West Buffalo Township,Union County,West Buffalo,Union  
West Burlington Township,Bradford County,West Burlington,Bradford  
West Caln Township,Chester County,West Caln,Chester  
West Cameron Township,Northumberland County,West Cameron,Northumberland  
West Carroll Township,Cambria County,West Carroll,Cambria  
West Chillisquaque Township,Northumberland County,West Chillisquaque,Northumberland  
West Cocalico Township,Lancaster County,West Cocalico,Lancaster  
West Cornwall Township,Lebanon County,West Cornwall,Lebanon  
West Deer Township,Allegheny County,West Deer,Allegheny  
West Donegal Township,Lancaster County,West Donegal,Lancaster  
West Earl Township,Lancaster County,West Earl,Lancaster  
West Fallowfield Township,Chester County,West Fallowfield,Chester  
West Fallowfield Township,Crawford County,West Fallowfield,Crawford  
West Finley Township,Washington County,West Finley,Washington  
West Franklin Township,Armstrong County,West Franklin,Armstrong  
West Goshen Township,Chester County,West Goshen,Chester  
West Hanover Township,Dauphin County,West Hanover,Dauphin  
West Hemlock Township,Montour County,West Hemlock,Montour  
West Hempfield Township,Lancaster County,West Hempfield,Lancaster  
West Keating Township,Clinton County,West Keating,Clinton  
West Lampeter Township,Lancaster County,West Lampeter,Lancaster  
West Lebanon Township,Lebanon County,West Lebanon,Lebanon  
West Mahanoy Township,Schuylkill County,West Mahanoy,Schuylkill  
West Mahoning Township,Indiana County,West Mahoning,Indiana  
West Manchester Township,York County,West Manchester,York  
West Manheim Township,York County,West Manheim,York  
West Marlborough Township,Chester County,West Marlborough,Chester  
West Mead Township,Crawford County,West Mead,Crawford  
West Nantmeal Township,Chester County,West Nantmeal,Chester  
West Norriton Township,Montgomery County,West Norriton,Montgomery  
West Nottingham Township,Chester County,West Nottingham,Chester  
West Penn Township,Schuylkill County,West Penn,Schuylkill  
West Pennsboro Township,Cumberland County,West Pennsboro,Cumberland  
West Perry Township,Snyder County,West Perry,Snyder  
West Pike Run Township,Washington County,West Pike Run,Washington  
West Pikeland Township,Chester County,West Pikeland,Chester  
West Pottsgrove Township,Montgomery County,West Pottsgrove,Montgomery  
West Providence Township,Bedford County,West Providence,Bedford  
West Rockhill Township,Bucks County,West Rockhill,Bucks  
West Sadsbury Township,Chester County,West Sadsbury,Chester  
West Salem Township,Mercer County,West Salem,Mercer  
West Shenango Township,Crawford County,West Shenango,Crawford  
West St. Clair Township,Bedford County,West St. Clair,Bedford  
West Taylor Township,Cambria County,West Taylor,Cambria  
West Township,Huntingdon County,West,Huntingdon  
West Vincent Township,Chester County,West Vincent,Chester  
West Wheatfield Township,Indiana County,West Wheatfield,Indiana  
West Whiteland Township,Chester County,West Whiteland,Chester  
Westfall Township,Pike County,Westfall,Pike  
Westfield Township,Tioga County,Westfield,Tioga  
Westtown Township,Chester County,Westtown,Chester  
Wetmore Township,McKean County,Wetmore,McKean  
Wharton Township,Fayette County,Wharton,Fayette  
Wharton Township,Potter County,Wharton,Potter  
Wheatfield Township,Perry County,Wheatfield,Perry  
White Deer Township,Union County,White Deer,Union  
White Township,Beaver County,White,Beaver  
White Township,Cambria County,White,Cambria  
White Township,Indiana County,White,Indiana  
Whitehall Township,Lehigh County,Whitehall,Lehigh  
Whiteley Township,Greene County,Whiteley,Greene  
Whitemarsh Township,Montgomery County,Whitemarsh,Montgomery  
Whitpain Township,Montgomery County,Whitpain,Montgomery  
Wiconisco Township,Dauphin County,Wiconisco,Dauphin  
Wilkes-Barre Township,Luzerne County,Wilkes-Barre,Luzerne  
Wilkins Township,Allegheny County,Wilkins,Allegheny  
Williams Township,Dauphin County,Williams,Dauphin  
Williams Township,Northampton County,Williams,Northampton  
Willistown Township,Chester County,Willistown,Chester  
Wilmington Township,Lawrence County,Wilmington,Lawrence  
Wilmington Township,Mercer County,Wilmington,Mercer  
Wilmot Township,Bradford County,Wilmot,Bradford  
Windham Township,Bradford County,Windham,Bradford  
Windham Township,Wyoming County,Windham,Wyoming  
Windsor Township,Berks County,Windsor,Berks  
Windsor Township,York County,Windsor,York  
Winfield Township,Butler County,Winfield,Butler  
Winslow Township,Jefferson County,Winslow,Jefferson  
Wolf Creek Township,Mercer County,Wolf Creek,Mercer  
Wolf Township,Lycoming County,Wolf,Lycoming  
Wood Township,Huntingdon County,Wood,Huntingdon  
Woodbury Township,Bedford County,Woodbury,Bedford  
Woodbury Township,Blair County,Woodbury,Blair  
Woodcock Township,Crawford County,Woodcock,Crawford  
Woodward Township,Clearfield County,Woodward,Clearfield  
Woodward Township,Clinton County,Woodward,Clinton  
Woodward Township,Lycoming County,Woodward,Lycoming  
Worcester Township,Montgomery County,Worcester,Montgomery  
Worth Township,Butler County,Worth,Butler  
Worth Township,Centre County,Worth,Centre  
Worth Township,Mercer County,Worth,Mercer  
Wright Township,Luzerne County,Wright,Luzerne  
Wrightstown Township,Bucks County,Wrightstown,Bucks  
Wyalusing Township,Bradford County,Wyalusing,Bradford  
Wysox Township,Bradford County,Wysox,Bradford  
York Township,York County,York,York  
Young Township,Indiana County,Young,Indiana  
Young Township,Jefferson County,Young,Jefferson  
Zerbe Township,Northumberland County,Zerbe,Northumberland  
Philadelphia,Philadelphia,Philadelphia,Philadelphia
